{"cost": 2147483648, "wallclock_time": 7.796287536621094e-05, "evaluations": 0, "incumbent": ["epo='2'", "lr='0.001'"], "cpu_time": 0, "total_cpu_time": null, "origin": "Default"}
{"cost": 0.08130000000000004, "wallclock_time": 105.14819693565369, "evaluations": 1, "incumbent": ["epo='2'", "lr='0.001'"], "cpu_time": 105.12739443778992, "total_cpu_time": null, "origin": "Default"}
{"cost": 0.07579999999999998, "wallclock_time": 2701.6723392009735, "evaluations": 11, "incumbent": ["epo='2'", "lr='0.000814223631965137'"], "cpu_time": 2699.6345505714417, "total_cpu_time": null, "origin": "Random Search (sorted)"}
{"cost": 0.06159999999999999, "wallclock_time": 5873.4010219573975, "evaluations": 25, "incumbent": ["epo='6'", "lr='0.00012320786349755443'"], "cpu_time": 5865.923073768616, "total_cpu_time": null, "origin": "Random Search (sorted)"}
{"cost": 0.05410000000000004, "wallclock_time": 7087.491026878357, "evaluations": 30, "incumbent": ["epo='6'", "lr='0.0006566667333991776'"], "cpu_time": 7078.1566598415375, "total_cpu_time": null, "origin": "Random Search (sorted)"}
{"cost": 0.048900000000000055, "wallclock_time": 10724.072302341461, "evaluations": 43, "incumbent": ["epo='9'", "lr='0.0003744929451373489'"], "cpu_time": 10711.68649482727, "total_cpu_time": null, "origin": "Random Search (sorted)"}
{"cost": 0.048799999999999955, "wallclock_time": 11835.692569971085, "evaluations": 48, "incumbent": ["epo='10'", "lr='0.0006273217678053371'"], "cpu_time": 11822.429305315018, "total_cpu_time": null, "origin": "Random Search (sorted)"}
{"cost": 0.04569999999999996, "wallclock_time": 16479.686759471893, "evaluations": 62, "incumbent": ["epo='8'", "lr='0.0006273217678053371'"], "cpu_time": 16464.573387384415, "total_cpu_time": null, "origin": "Local Search"}
{"cost": 0.04530000000000001, "wallclock_time": 36465.76484918594, "evaluations": 129, "incumbent": ["epo='10'", "lr='0.0005554029827149978'"], "cpu_time": 36443.49192070961, "total_cpu_time": null, "origin": "Local Search"}
